{
  "project_info": {
    "project_number": "933200940340",
    "firebase_url": "https://wastenot-8991a.firebaseio.com",
    "project_id": "wastenot-8991a",
    "storage_bucket": "wastenot-8991a.appspot.com"
  },
  "client": [
    {
      "client_info": {
        "mobilesdk_app_id": "1:933200940340:android:d667ae5cb0bec34e",
        "android_client_info": {
          "package_name": "cs134.miracosta.wastenot"
        }
      },
      "oauth_client": [
        {
          "client_id": "933200940340-4lkcf3r4tb7a7rmt54mt7voo140hgoi4.apps.googleusercontent.com",
          "client_type": 3
        }
      ],
      "api_key": [
        {
          "current_key": "AIzaSyAWGpq4A_ut7ZNqSpjBEyQNSb3EheWnhIQ"
        }
      ],
      "services": {
        "appinvite_service": {
          "other_platform_oauth_client": [
            {
              "client_id": "933200940340-4lkcf3r4tb7a7rmt54mt7voo140hgoi4.apps.googleusercontent.com",
              "client_type": 3
            }
          ]
        }
      }
    }
  ],
  "configuration_version": "1"
}